{"setting":{
  "box_number": "number",
 "size": "number",
  "color": "string",
  "rotation_x": "0",
  "rotation_y": "0.01",
  "rotation_z": "0"
},
"info":
[
  {
    "box_number": 1,
    "size": 2,
    "color": "0xd11d47",
    "x": 0,
    "y": 5,
    "z": 1.5
  },
  {
    "box_number": 2,
    "size": 2,
    "color": "0xd11d47",
    "x": -1.8,
    "y": 5,
    "z": -1.5
  },
  {
    "box_number": 3,
    "size": 2,
    "color": "0xd11d47",
    "x": 1.8,
    "y": 5,
    "z": -1.5
  },
  {
    "box_number": 4,
    "size": 2,
    "color": "0x394dce",
    "x": 1.3,
    "y": 10,
    "z": 0
  },
  {
    "box_number": 5,
    "size": 2,
    "color": "0x394dce",
    "x": -1.3,
    "y": 10,
    "z": 0
  },
  {
    "box_number": 6,
    "size": 2,
    "color": "31c668",
    "x": 0,
    "y": 15,
    "z": 0
  }
]}