{"setting":{
  "box_number": "number",
 "size": "number",
  "color": "string",
  "rotation_x": "0",
  "rotation_y": "0.015",
  "rotation_z": "0"
},
"info":
[
  {
    "box_number": 1,
    "size": 2,
    "color": "0x394dce",
    "x": 0,
    "y": 5,
    "z": 0
  },
  {
    "box_number": 2,
    "size": 2,
    "color": "0xd11d47",
    "x": -2.5,
    "y": 5,
    "z": 0
  },
  {
    "box_number": 3,
    "size": 2,
    "color": "0xd11d47",
    "x": 2.5,
    "y": 5,
    "z": 0
  },
  {
    "box_number": 4,
    "size": 2,
    "color": "0xd11d47",
    "x": -5,
    "y": 5,
    "z": 0
  },
  {
    "box_number": 5,
    "size": 2,
    "color": "0xd11d47",
    "x": 5,
    "y": 5,
    "z": 0
  },
  {
    "box_number": 6,
    "size": 2,
    "color": "31c668",
    "x": -7.5,
    "y": 5,
    "z": 0
  },
  {
    "box_number": 7,
    "size": 2,
    "color": "31c668",
    "x": 7.5,
    "y": 5,
    "z": 0
  },
  {
    "box_number": 8,
    "size": 2,
    "color": "0xd11d47",
    "x": 1.6,
    "y": 10,
    "z": 0
  },
  {
    "box_number": 9,
    "size": 2,
    "color": "0xd11d47",
    "x": -1.6,
    "y": 10,
    "z": 0
  },
  {
    "box_number": 10,
    "size": 2,
    "color": "0x394dce",
    "x": 4,
    "y": 10,
    "z": 0
  },
  {
    "box_number": 11,
    "size": 2,
    "color": "0x394dce",
    "x": -4,
    "y": 10,
    "z": 0
  },
  {
    "box_number": 12,
    "size": 2,
    "color": "31c668",
    "x": 6.6,
    "y": 10,
    "z": 0
  },
  {
    "box_number": 13,
    "size": 2,
    "color": "31c668",
    "x": -6.6,
    "y": 10,
    "z": 0
  },
  {
    "box_number": 14,
    "size": 2,
    "color": "0x394dce",
    "x": 0,
    "y": 15,
    "z": 0
  },
  {
    "box_number": 15,
    "size": 2,
    "color": "0xd11d47",
    "x": 2.5,
    "y": 15,
    "z": 0
  },
  {
    "box_number": 16,
    "size": 2,
    "color": "0xd11d47",
    "x": -2.5,
    "y": 15,
    "z": 0
  },
  {
    "box_number": 17,
    "size": 2,
    "color": "31c668",
    "x": 5,
    "y": 15,
    "z": 0
  },
  {
    "box_number": 18,
    "size": 2,
    "color": "31c668",
    "x": -5,
    "y": 15,
    "z": 0
  },
  {
    "box_number": 19,
    "size": 2,
    "color": "31c668",
    "x": 1.3,
    "y": 20,
    "z": 0
  },
  {
    "box_number": 20,
    "size": 2,
    "color": "31c668",
    "x": -1.3,
    "y": 20,
    "z": 0
  },
  {
    "box_number": 21,
    "size": 2,
    "color": "0x394dce",
    "x": 0,
    "y": 25,
    "z": 0
  }
]}